日期,Latitude,Longitude
08月13日,23.1788134,120.2479211
08月13日,22.9883111,120.1766151
08月13日,23.0104919,120.2120262
08月13日,23.0104398,120.2389957
08月13日,22.9932743,120.1959289
08月13日,22.9801661,120.2132144
08月13日,23.022386,120.1946698
08月13日,23.0145383,120.2195684
08月13日,22.9952064,120.1931788
08月13日,23.0214121,120.21855
08月13日,23.0197137,120.2177941
08月13日,23.0232037,120.1948804
08月13日,23.1788134,120.2479211
08月14日,23.0180275,120.2101066
08月14日,22.9895289,120.1896639
08月14日,22.9982223,120.1933076
08月14日,23.0168732,120.2406545
08月14日,22.9663881,120.2130517
08月14日,22.9934043,120.1647036
08月14日,23.0152177,120.2113975
08月14日,23.1315027,120.291847
08月14日,23.0124842,120.2090936
08月14日,23.0180527,120.2069853
08月14日,23.0026667,120.2035199
08月14日,22.9904805,120.1932243
08月14日,23.0170741,120.2422197
08月14日,23.012911,120.2378745
08月14日,22.9663881,120.2130517
08月14日,23.001612,120.162833
08月14日,22.9930277,120.1753046
08月14日,22.9877687,120.2151117
08月15日,22.9599179,120.1872404
08月15日,22.9877687,120.2151117
08月15日,22.9933072,120.1932474
08月15日,23.0445064,120.2184734
08月15日,23.0014551,120.2301644
08月15日,22.9982223,120.1933076
08月15日,22.9599179,120.1872404
08月15日,22.9599179,120.1872404
08月15日,22.9599179,120.1872404
08月15日,23.0250846,120.210048
08月15日,23.0014551,120.2301644
08月15日,22.9856543,120.2169488
08月16日,23.0249211,120.2105439
08月16日,22.9877336,120.1780478
08月16日,23.003867,120.1604463
08月16日,22.9546099,120.2513993
08月16日,22.9902618,120.1967104
08月16日,23.1320504,120.2952307
08月16日,23.0179543,120.273142
08月16日,23.0186841,120.2468918
08月16日,22.9599179,120.1872404
08月16日,22.9599179,120.1872404
08月16日,22.9599179,120.1872404
08月16日,23.0729127,120.1602938
08月16日,23.0249211,120.2105439
08月16日,23.0305774,120.2183047
08月16日,22.9929601,120.1879956
08月16日,22.9914107,120.2020127
08月16日,23.0039102,120.1762614
08月16日,22.9997066,120.1973355
08月16日,23.125754,120.2851557
08月16日,23.0068369,120.2100531
08月17日,22.9893009,120.175365
08月17日,23.0487154,120.1985669
08月17日,23.0171466,120.2127467
08月17日,23.0749858,120.2897068
08月17日,23.0189356,120.2291647
08月17日,23.0054059,120.2437886
08月17日,22.9928271,120.2280077
08月17日,23.0019235,120.1638985
08月17日,23.0258569,120.1959604
08月17日,23.0104919,120.2120262
08月17日,23.0104919,120.2120262
08月17日,23.0019235,120.1638985
08月17日,23.144704,120.2815587
08月17日,23.0141216,120.2389922
08月17日,23.0128049,120.2349439
08月17日,22.9885518,120.2346376
08月18日,23.1950148,120.2656955
08月18日,23.3173874,120.3280503
08月18日,23.0162011,120.2024877
08月18日,22.9893009,120.175365
08月18日,23.0200098,120.2225547
08月18日,23.0001046,120.1955084
08月18日,23.0248456,120.1881086
08月18日,22.952425,120.2180635
08月18日,23.0231777,120.2585997
08月18日,23.0116252,120.1789286
08月18日,22.9891002,120.1870228
08月18日,22.9868104,120.188318
08月18日,23.0076695,120.2208365
08月18日,23.2814114,120.3118703
08月18日,23.2814114,120.3118703
08月19日,23.0130868,120.2201009
08月19日,23.0164067,120.2279859
08月19日,23.0197137,120.2177941
08月19日,22.966027,120.1872825
08月19日,23.1478822,120.3046289
08月19日,23.0328821,120.1944642
08月19日,22.9886071,120.2152795
08月19日,22.9692271,120.191935
08月19日,23.0395115,120.2036623
08月19日,22.9939325,120.218039
08月19日,22.9834429,120.2434988
08月19日,23.0191223,120.2413962
08月19日,23.0020765,120.2044383
08月19日,22.9965807,120.1967339
08月20日,22.9865622,120.2162521
08月20日,22.9902395,120.2379319
08月20日,23.0052556,120.2054858
08月20日,22.9866093,120.1859914
08月20日,22.9878923,120.1914777
08月20日,23.139793,120.325545
08月20日,23.0324258,120.2531342
08月20日,23.0043056,120.2388359
08月20日,23.01849,120.188425
08月20日,23.299187,120.3133131
08月20日,23.3119567,120.3089541
08月20日,23.3523649,120.4161219
08月20日,23.0026667,120.2035199
08月20日,23.0128049,120.2349439
08月21日,23.0071693,120.2176377
08月21日,23.2622306,120.2397336
08月21日,22.9859451,120.1831377
08月21日,22.9843866,120.1907926
08月21日,22.9826608,120.1962136
08月21日,23.0257461,120.2508744
08月21日,23.0158439,120.2575916
08月21日,23.0172804,120.1871243
08月21日,23.0105336,120.1972508
08月21日,23.0042925,120.209006
08月21日,22.9842402,120.1775813
08月21日,23.181298,120.218607
08月21日,22.9655419,120.1906535
08月21日,22.9841557,120.1938924
08月21日,23.1320504,120.2952307
08月21日,23.0176827,120.2235793
08月21日,23.0186359,120.1892783
08月22日,22.9952871,120.1951361
08月22日,23.0103002,120.2001781
08月22日,23.1279209,120.2870214
08月22日,23.0169833,120.2394397
08月22日,23.0218712,120.2353146
08月22日,22.9683672,120.2559227
08月22日,23.0267847,120.1931252
08月22日,22.990054,120.1913953
08月22日,23.0068369,120.2100531
08月22日,23.2336949,120.1804966
08月22日,23.0286805,120.1965527
08月22日,23.3213138,120.4043482
08月22日,23.0893067,120.3723741
08月23日,22.9930277,120.1753046
08月23日,22.9946506,120.178196
08月23日,23.0020765,120.2044383
08月23日,23.3014896,120.3118161
08月23日,23.0781138,120.2937125
08月23日,23.0781138,120.2937125
08月23日,23.3015983,120.3126385
08月23日,22.966502,120.2116106
08月23日,23.0145383,120.2195684
08月24日,23.2325831,120.1821987
08月24日,23.0162011,120.2024877
08月24日,22.9949657,120.2007038
08月24日,23.007832,120.2386599
08月24日,23.0134624,120.2632441
08月24日,23.0137872,120.218328
08月24日,22.999478,120.2275347
08月24日,22.9663881,120.2130517
08月24日,22.9884387,120.2080123
08月24日,23.0176827,120.2235793
08月25日,23.1822684,120.2394171
08月25日,23.0137872,120.218328
08月25日,22.9906705,120.1689224
08月25日,22.9906705,120.1689224
08月25日,22.9943034,120.1923404
08月25日,23.0939111,120.2296358
08月25日,23.0217373,120.2154673
08月25日,22.9957612,120.2147951
08月25日,23.352012,120.415777
08月25日,23.0056433,120.2024696
08月25日,23.1559499,120.1785635
08月25日,23.144704,120.2815587
08月25日,23.0337658,120.245643
08月25日,22.9968601,120.1972918
08月25日,22.9943326,120.2146941
08月25日,22.9907865,120.2254616
08月27日,22.9819433,120.1969808
08月27日,22.9978658,120.2304648
08月27日,22.9879547,120.1799289
08月27日,22.9906705,120.1689224
08月27日,23.0375906,120.3092834
08月27日,23.3014896,120.3118161
08月27日,23.002076,120.2044383
08月27日,22.9657633,120.212861
08月27日,22.9944397,120.1969383
08月27日,23.0118273,120.2289363
08月27日,23.0164067,120.2279859
08月27日,23.0506082,120.2887685
08月27日,23.0407467,120.3061845
08月27日,23.3070861,120.3147868
08月27日,23.3235134,120.265843
08月27日,23.0071693,120.2176377
08月28日,22.9952871,120.1951361
08月28日,23.0046136,120.2247702
08月28日,23.001863,120.2302541
08月28日,23.1301399,120.2881403
08月28日,22.9952871,120.1951361
08月28日,23.0068369,120.2100531
08月28日,23.059456,120.40596
08月28日,23.001863,120.2302541
08月28日,23.0280873,120.3320195
08月29日,23.0071693,120.2176377
08月29日,23.1207622,120.1849082
08月29日,23.1449938,120.1806729
08月29日,22.9849463,120.190434
08月29日,23.0246827,120.1913975
08月29日,23.0071693,120.2176377
08月29日,23.1327161,120.1791357
08月29日,22.9685791,120.2866553
08月29日,23.0382556,120.1829891
08月29日,22.9663881,120.2130517
08月30日,23.0198896,120.2238429
08月30日,23.255584,120.293994
08月30日,23.0781138,120.2937125
08月30日,23.0781138,120.2937125
08月30日,23.0166844,120.1967382
08月30日,23.1327438,120.2954059
08月30日,23.157936,120.317388
08月30日,23.1315027,120.291847
08月30日,22.9781741,120.1888805
08月30日,23.0071693,120.2176377
08月31日,23.0020765,120.2044383
08月31日,23.0157489,120.2654598
08月31日,23.0204265,120.2200549
08月31日,23.0007736,120.1610874
08月31日,22.9891978,120.1674633
08月31日,23.0272565,120.1940173
08月31日,22.9871051,120.189797
08月31日,22.9918428,120.1949085
08月31日,23.0162011,120.2024877
08月31日,23.0187262,120.2271662
08月31日,23.0419175,120.1902841
08月31日,22.9868104,120.188318
08月31日,22.9849463,120.190434
08月31日,22.9918428,120.1949085
08月31日,22.9970992,120.2322494
09月01日,23.0111927,120.1971553
09月01日,23.0189356,120.2291647
09月01日,23.119471,120.235621
09月01日,23.0258569,120.1959604
09月01日,22.9960231,120.2323342
09月01日,22.9944397,120.1969383
09月01日,23.0111927,120.1971553
09月01日,23.0189356,120.2291647
09月01日,23.0229966,120.1988718
09月01日,23.1621281,120.1775195
09月01日,22.9840553,120.229015
09月01日,22.9943034,120.1923404
09月02日,22.9873725,120.2603687
09月02日,23.0180275,120.2101066
09月02日,23.3252512,120.3536396
09月02日,23.0280873,120.3320195
09月02日,23.3063146,120.2947167
09月02日,22.9992045,120.1966233
09月02日,22.968407,120.2615677
09月02日,23.0180275,120.2101066
09月02日,23.1315027,120.291847
09月02日,23.0369566,120.3142651
09月02日,23.3063146,120.2947167
09月02日,22.998857,120.195917
09月03日,23.0068369,120.2100531
09月03日,23.0153874,120.2274387
09月03日,23.0153874,120.2274387
09月03日,23.0263164,120.2060016
09月03日,22.9790666,120.1969402
09月03日,23.0068369,120.2100531
09月03日,23.0145383,120.2195684
09月03日,23.0144853,120.2283316
09月03日,23.1311343,120.4704129
09月03日,23.025434,120.2061077
09月03日,22.9776451,120.1962919
09月04日,22.9982223,120.1933076
09月04日,23.0137872,120.218328
09月04日,23.0217347,120.227811
09月04日,22.9982223,120.1933076
09月04日,23.0047261,120.2095967
09月04日,23.0204411,120.2286913
09月04日,22.9918166,120.1579506
09月05日,23.0102173,120.2091672
09月05日,23.0104919,120.2120262
09月05日,22.9816175,120.1914653
09月05日,22.9849463,120.190434
09月01日,23.0111927,120.1971553
09月01日,23.0189356,120.2291647
09月01日,23.119471,120.235621
09月01日,23.0258569,120.1959604
09月01日,22.9960231,120.2323342
09月01日,22.9944397,120.1969383
09月01日,23.0111927,120.1971553
09月01日,23.0189356,120.2291647
09月01日,23.0229966,120.1988718
09月01日,23.1621281,120.1775195
09月01日,22.9840553,120.229015
09月01日,22.9943034,120.1923404
09月02日,22.9873725,120.2603687
09月02日,23.0180275,120.2101066
09月02日,23.3252512,120.3536396
09月02日,23.0280873,120.3320195
09月02日,23.3063146,120.2947167
09月02日,22.9992045,120.1966233
09月02日,22.968407,120.2615677
09月02日,23.0180275,120.2101066
09月02日,23.1315027,120.291847
09月02日,23.0369566,120.3142651
09月02日,23.3063146,120.2947167
09月02日,22.998857,120.195917
09月03日,23.0068369,120.2100531
09月03日,23.0153874,120.2274387
09月03日,23.0153874,120.2274387
09月03日,23.0263164,120.2060016
09月03日,22.9790666,120.1969402
09月03日,23.0068369,120.2100531
09月03日,23.0145383,120.2195684
09月03日,23.0144853,120.2283316
09月03日,23.1311343,120.4704129
09月03日,23.025434,120.2061077
09月03日,22.9776451,120.1962919
09月04日,22.9982223,120.1933076
09月04日,23.0137872,120.218328
09月04日,23.0217347,120.227811
09月04日,22.9982223,120.1933076
09月04日,23.0047261,120.2095967
09月04日,23.0204411,120.2286913
09月04日,22.9918166,120.1579506
09月05日,23.0102173,120.2091672
09月05日,23.0104919,120.2120262
09月05日,22.9816175,120.1914653
09月05日,22.9849463,120.190434
09月06日,23.0022274,120.190948
09月06日,23.010234,120.2368
09月06日,22.975531,120.196861
09月06日,23.0022274,120.190948
09月06日,23.010234,120.2368
09月06日,22.9849463,120.190434
09月07日,23.004103,120.1909534
09月07日,23.0089814,120.2137009
09月07日,23.0229966,120.1988718
09月07日,22.9781741,120.1888805
09月07日,23.004103,120.1909534
09月07日,23.0020765,120.2044383
09月07日,23.0229966,120.1988718
09月07日,22.9781741,120.1888805
09月08日,22.9965617,120.198531
09月08日,23.0020765,120.2044383
09月08日,22.9658566,120.1859523
09月08日,23.0020765,120.2044383
09月08日,23.0017534,120.2062211
09月08日,22.9698862,120.1852356
09月09日,22.9965807,120.1967339
09月09日,23.0079621,120.2089203
09月09日,22.975668,120.1892072
09月09日,22.9943034,120.1923404
09月09日,23.0079621,120.2089203
09月09日,23.0137872,120.218328
09月09日,22.9752494,120.1865908
09月10日,22.9892856,120.1916559
09月10日,23.0068093,120.191224
09月10日,22.9864633,120.2139534
09月10日,22.9897911,120.1944008
09月10日,23.0068093,120.191224
09月10日,22.9864633,120.2139534
09月11日,22.9907552,120.1942737
09月11日,23.0159725,120.1926548
09月11日,22.9788784,120.1938121
09月11日,22.998857,120.195917
09月11日,23.0159725,120.1926548
09月11日,22.9795118,120.1943692
09月12日,23.0028592,120.2206589
09月12日,22.9843142,120.1963711
09月12日,23.0028592,120.2206589
09月12日,22.9852426,120.1957805
09月13日,22.9914679,120.1996507
09月13日,22.9886146,120.2360187
09月13日,23.0014309,120.190367
09月13日,22.9850963,120.2282916
09月14日,22.9948555,120.1993164
09月14日,23.004726,120.2095967
09月14日,22.9982223,120.1933076
09月14日,23.004726,120.2095967
09月14日,22.9755921,120.1914431
09月15日,22.9930185,120.2237838
09月15日,22.9817861,120.1896682
09月15日,22.9813884,120.1863575
09月15日,22.9862711,120.2259161
09月15日,22.9791342,120.1868432
09月16日,22.9943034,120.1923404
09月16日,23.0246827,120.1913975
09月16日,22.9814464,120.1949463
09月16日,22.9928443,120.1723945
09月16日,23.0254315,120.1896059
09月16日,22.9814464,120.1949463
09月17日,22.9905073,120.1954312
09月17日,23.0044362,120.2225096
09月17日,22.9624922,120.1925225
09月17日,22.9897911,120.1944008
09月17日,23.0044362,120.2225096
09月17日,22.9771738,120.1893292
09月17日,22.9905073,120.1954312
09月17日,23.0044362,120.2225096
09月17日,22.9624922,120.1925225
09月17日,22.9897911,120.1944008
09月17日,23.0044362,120.2225096
09月17日,22.9771738,120.1893292
09月18日,23.0001187,120.1918672
09月18日,23.0086008,120.183011
09月18日,22.9829027,120.1902544
09月18日,23.0014309,120.190367
09月18日,23.0086008,120.183011
09月18日,22.9687954,120.1991287
09月19日,23.0137872,120.218328
09月19日,23.0189294,120.2428958
09月19日,22.9970992,120.2322494
09月19日,22.9745067,120.1924609
09月19日,22.9817861,120.1896682
09月19日,23.0137872,120.218328
09月19日,23.0169602,120.2395459
09月19日,22.9867372,120.2270444
09月19日,22.9687954,120.1991287
09月20日,23.0012214,120.1953678
09月20日,23.0268638,120.2090036
09月20日,22.9874305,120.2205402
09月20日,23.0001187,120.1918672
09月20日,23.0264309,120.2109878
09月20日,22.9784657,120.2227211
09月21日,22.9918428,120.1949085
09月21日,23.0264309,120.2109878
09月21日,22.9814464,120.1949463
09月21日,23.0068093,120.191224
09月21日,23.0264309,120.2109878
09月21日,22.9894924,120.219974
09月21日,22.9814464,120.1949463
09月22日,22.9948606,120.2034776
09月22日,23.0020765,120.2044383
09月22日,23.0068369,120.2100531
09月22日,23.0150779,120.2262742
09月22日,23.0246827,120.1913975
09月22日,22.9876894,120.2265009
09月22日,22.9624922,120.1925225
09月22日,22.9954761,120.2056406
09月22日,23.0020765,120.2044383
09月22日,23.0068369,120.2100531
09月22日,23.0150779,120.2262742
09月22日,23.0246827,120.1913975
09月22日,22.9876894,120.2265009
09月22日,22.9727896,120.1859204
09月22日,22.9948606,120.2034776
09月22日,23.0020765,120.2044383
09月22日,23.0068369,120.2100531
09月22日,23.0150779,120.2262742
09月22日,23.0246827,120.1913975
09月22日,22.9876894,120.2265009
09月22日,22.9624922,120.1925225
09月22日,22.9954761,120.2056406
09月22日,23.0020765,120.2044383
09月22日,23.0068369,120.2100531
09月22日,23.0150779,120.2262742
09月22日,23.0246827,120.1913975
09月22日,22.9876894,120.2265009
09月22日,22.9727896,120.1859204
09月23日,22.9930863,120.2091377
09月23日,22.9993886,120.2094168
09月23日,23.0101748,120.2335556
09月23日,23.0381178,120.188108
09月23日,22.9816175,120.1914653
09月23日,22.9884387,120.2080123
09月23日,22.9993886,120.2094168
09月23日,23.0101748,120.2335556
09月23日,23.0346296,120.1915051
09月23日,22.9816175,120.1914653
09月24日,23.004103,120.1909534
09月24日,23.0028592,120.2206589
09月24日,22.9943326,120.2146941
09月24日,22.978402,120.1900724
09月24日,22.9868385,120.2043061
09月24日,23.002859,120.2206589
09月24日,22.9943326,120.2146941
09月24日,22.978402,120.1900724
09月25日,22.9981488,120.1983336
09月25日,23.0116327,120.2127919
09月25日,22.975228,120.218398
09月25日,22.9685684,120.1953595
09月25日,22.989087,120.2045916
09月25日,23.0081293,120.2145037
09月25日,22.9751638,120.2157222
09月25日,22.9685684,120.1953595
09月26日,22.9964654,120.2015978
09月26日,23.0000536,120.2270729
09月26日,22.9688761,120.1859979
09月26日,22.9943034,120.1923404
09月26日,23.0172804,120.1871243
09月27日,23.0046136,120.2247702
09月27日,22.9755921,120.1914431
09月27日,23.0250423,120.1870767
09月27日,22.9863004,120.2145632
09月28日,22.9902138,120.2083827
09月28日,22.9877336,120.1780478
09月28日,22.960259,120.1914905
09月28日,22.9908646,120.21103
09月28日,23.0159725,120.1926548
09月29日,22.9878743,120.2246663
09月29日,22.9904876,120.1977304
09月29日,22.9838677,120.196137
09月29日,22.9843377,120.2240941
09月29日,22.9884387,120.2080123
09月29日,23.0109078,120.214365
09月29日,22.9796325,120.1996441
09月30日,22.9881152,120.2280762
09月30日,23.0028903,120.1901084
09月30日,23.0076695,120.2208365
09月30日,22.9687954,120.1991287
09月30日,22.9881152,120.2280762
09月30日,22.9908137,120.1989929
09月30日,23.0076695,120.2208365
09月30日,22.9687954,120.1991287
10月01日,22.991,120.22
10月01日,22.989,120.196
10月01日,22.976,120.187
10月01日,22.995,120.174
10月01日,22.995,120.206
10月01日,22.984,120.187
10月01日,23.021,120.19
10月01日,22.959,120.33
10月02日,22.981,120.227
10月02日,22.997,120.207
10月02日,22.963,120.191
10月02日,22.981,120.22
10月02日,22.985,120.203
10月02日,22.963,120.191
10月03日,22.985,120.227
10月03日,22.987,120.232
10月03日,22.964,120.195
10月03日,23.025,120.207
10月03日,22.985,120.227
10月03日,22.987,120.232
10月03日,22.974,120.19
10月03日,23.021,120.19
10月04日,22.988,120.21
10月04日,23.009,120.226
10月04日,23.034,120.258
10月04日,22.994,120.183
10月04日,23.028,120.302
10月04日,22.988,120.21
10月04日,23.0,120.203
10月04日,23.029,120.252
10月04日,22.989,120.166
10月05日,22.992,120.215
10月05日,23.002,120.193
10月05日,23.001,120.2
10月05日,22.986,120.19
10月05日,22.992,120.215
10月05日,22.997,120.207
10月05日,23.015,120.191
10月05日,22.972,120.187
10月6日,23.006,120.238
10月6日,23.003,120.163
10月6日,22.999,120.164
10月6日,23.003,120.163
10月6日,22.999,120.164
10月6日,23.024,120.181
10月6日,22.997,120.227
10月6日,22.962,120.233
10月7日,22.987,120.221
10月7日,22.984,120.213
10月7日,23.009,120.221
10月7日,23.005,120.233
10月7日,23.005,120.233
10月7日,22.97,120.21
10月7日,22.97,120.21
10月8日,22.985,120.227
10月8日,22.987,120.232
10月8日,22.986,120.242
10月8日,22.989,120.246
10月8日,22.986,120.235
10月8日,22.99,120.21
10月8日,22.99,120.21
10月8日,23.008,120.192
10月8日,23.008,120.229
10月8日,22.999,120.164
10月8日,22.999,120.173
10月8日,22.98,120.189
10月8日,22.98,120.189
10月8日,22.968,120.189
10月8日,22.972,120.187
10月8日,23.013,120.226
10月8日,23.013,120.226
10月8日,23.005,120.233
10月8日,23.024,120.193
10月9日,22.987,120.223
10月9日,22.973,120.274
10月9日,22.984,120.199
10月9日,22.984,120.199
10月9日,23.02,120.209
10月9日,23.008,120.229
10月9日,22.999,120.164
10月9日,23.031,120.219
10月9日,22.978,120.207
10月9日,22.978,120.207
10月9日,23.005,120.233
10月9日,23.005,120.233
10月10日,22.99,120.226
10月10日,22.989,120.229
10月10日,22.974,120.216
10月10日,22.986,120.181
10月10日,22.999,120.173
10月10日,23.025,120.196
10月10日,23.025,120.202
10月10日,22.973,120.206
10月10日,22.973,120.206
10月11日,22.984,120.199
10月11日,22.984,120.199
10月11日,23.013,120.222
10月11日,23.007,120.218
10月11日,23.016,120.227
10月11日,23.016,120.227
10月11日,22.966,120.246
10月11日,22.94,120.225
10月11日,23.136,120.292
10月11日,23.028,120.302
10月12日,22.985,120.216
10月12日,22.989,120.229
10月12日,22.974,120.23
10月12日,22.988,120.21
10月12日,22.996,120.199
10月12日,23.007,120.197
10月12日,23.007,120.197
10月12日,22.995,120.149
10月12日,23.001,120.165
10月12日,23.031,120.195
10月12日,23.025,120.196
10月12日,22.949,120.178
10月12日,22.949,120.178
10月12日,23.016,120.227
10月12日,23.005,120.233
10月13日,22.986,120.235
10月13日,22.971,120.229
10月13日,22.997,120.196
10月13日,22.997,120.196
10月13日,23.007,120.225
10月13日,23.001,120.226
10月13日,22.989,120.166
10月13日,23.041,120.186
10月13日,23.025,120.189
10月13日,22.984,120.187
10月13日,22.986,120.19
10月13日,23.012,120.235
10月13日,23.012,120.235
10月14日,23.0,120.196
10月14日,22.984,120.213
10月14日,23.013,120.204
10月14日,23.021,120.19
10月14日,22.984,120.193
10月14日,23.026,120.225
10月14日,22.985,120.216
10月14日,23.0,120.196
10月14日,23.005,120.202
10月14日,22.994,120.169
10月14日,23.025,120.189
10月14日,22.972,120.195
10月14日,23.026,120.225
10月15日,22.989,120.192
10月15日,22.989,120.192
10月15日,22.989,120.194
10月15日,22.974,120.216
10月15日,22.993,120.238
10月15日,23.012,120.216
10月15日,23.007,120.181
10月15日,22.979,120.168
10月15日,23.012,120.168
10月15日,22.955,120.184
10月15日,22.955,120.184
10月15日,23.0,120.238
10月16日,22.977,120.219
10月16日,22.981,120.227
10月16日,22.97,120.21
10月16日,22.97,120.21
10月16日,23.01,120.183
10月16日,23.011,120.224
10月16日,23.004,120.226
10月16日,22.993,120.2
10月16日,22.991,120.204
10月16日,22.996,120.192
10月16日,23.004,120.172
10月16日,23.031,120.219
10月16日,23.037,120.218
10月16日,23.041,120.186
10月16日,23.024,120.193
10月16日,23.01,120.244
10月16日,23.01,120.244
10月16日,22.994,120.169
10月16日,22.995,120.174
10月17日,22.975,120.235
10月17日,22.985,120.216
10月17日,22.97,120.236
10月17日,22.963,120.191
10月17日,22.964,120.195
10月17日,22.957,120.196
10月17日,23.056,120.166
10月17日,23.051,120.185
10月17日,23.051,120.185
10月17日,23.031,120.209
10月17日,22.975,120.299
10月17日,22.966,120.3
10月17日,22.94,120.225
10月17日,23.028,120.332
10月17日,23.028,120.332
10月18日,23.006,120.222
10月18日,23.015,120.212
10月18日,23.016,120.22
10月18日,23.016,120.22
10月18日,22.984,120.199
10月18日,22.999,120.2
10月18日,22.993,120.209
10月18日,23.006,120.238
10月18日,23.019,120.23
10月18日,23.015,120.277
10月18日,22.994,120.183
10月18日,22.986,120.181
10月18日,22.979,120.168
10月18日,22.995,120.149
10月18日,23.185,120.256
10月18日,23.179,120.252
10月18日,23.186,120.25
10月18日,23.176,120.24
10月18日,23.076,120.29
10月18日,23.076,120.29
10月19日,22.983,120.222
10月19日,22.996,120.233
10月19日,22.992,120.227
10月19日,23.0,120.227
10月19日,22.972,120.195
10月19日,22.972,120.195
10月19日,22.949,120.178
10月19日,22.998,120.228
10月19日,23.007,120.225
10月19日,23.997,121.574
10月19日,23.007,120.197
10月19日,22.982,120.21
10月19日,22.982,120.21
10月19日,23.056,120.178
10月19日,23.06,120.22
10月19日,23.05,120.221
10月19日,23.041,120.237
10月19日,22.989,120.166
10月19日,23.003,120.163
10月19日,22.989,120.166
10月19日,22.999,120.173
10月20日,22.984,120.213
10月20日,22.998,120.215
10月20日,22.987,120.225
10月20日,22.981,120.227
10月20日,23.009,120.226
10月20日,23.008,120.192
10月20日,23.02,120.209
10月20日,23.02,120.209
10月20日,22.992,120.189
10月20日,22.984,120.206
10月20日,22.992,120.189
10月20日,23.0,120.196
10月20日,22.955,120.208
10月20日,22.955,120.208
10月20日,22.984,120.187
10月20日,22.984,120.187
10月20日,23.011,120.239
10月20日,23.011,120.239
10月20日,23.072,120.221
10月20日,23.024,120.181
10月20日,23.039,120.198
10月20日,22.995,120.149
10月20日,22.989,120.166
10月20日,22.994,120.183
10月20日,22.994,120.183
10月21日,22.989,120.214
10月21日,22.974,120.23
10月21日,22.99,120.226
10月21日,22.975,120.226
10月21日,22.989,120.192
10月21日,22.989,120.194
10月21日,23.004,120.172
10月21日,22.993,120.202
10月21日,22.993,120.202
10月21日,22.993,120.209
10月21日,23.007,120.225
10月21日,23.008,120.229
10月21日,23.014,120.217
10月21日,23.015,120.191
10月21日,23.0,120.207
10月21日,22.942,120.191
10月21日,22.973,120.206
10月21日,22.968,120.189
10月21日,22.968,120.189
10月21日,22.938,120.178
10月21日,23.011,120.23
10月21日,23.013,120.226
10月21日,22.999,120.173
10月21日,22.986,120.181
10月21日,23.025,120.207
10月21日,23.024,120.193
10月22日,22.982,120.233
10月22日,22.992,120.23
10月22日,22.986,120.235
10月22日,22.985,120.216
10月22日,22.993,120.238
10月22日,22.986,120.242
10月22日,22.97,120.236
10月22日,22.999,120.191
10月22日,23.002,120.193
10月22日,22.991,120.204
10月22日,23.001,120.21
10月22日,23.005,120.202
10月22日,23.011,120.224
10月22日,22.955,120.208
10月22日,22.955,120.208
10月22日,22.972,120.179
10月22日,22.957,120.196
10月22日,23.011,120.23
10月22日,23.041,120.237
10月22日,23.012,120.235
10月22日,22.999,120.173
10月22日,23.051,120.185
10月23日,22.982,120.233
10月23日,22.968,120.23
10月23日,22.978,120.223
10月23日,22.987,120.232
10月23日,22.977,120.219
10月23日,22.99,120.226
10月23日,22.971,120.229
10月23日,22.996,120.199
10月23日,22.996,120.199
10月23日,23.009,120.221
10月23日,23.001,120.2
10月23日,23.013,120.204
10月23日,22.984,120.187
10月23日,22.972,120.195
10月23日,22.964,120.195
10月23日,22.957,120.196
10月23日,23.019,120.23
10月23日,23.024,120.241
10月23日,23.01,120.244
10月23日,23.01,120.244
10月23日,23.123,120.315
10月23日,23.025,120.196
10月23日,23.037,120.191
10月23日,23.031,120.219
10月23日,22.994,120.169
10月23日,23.002,120.155
10月24日,22.984,120.213
10月24日,22.979,120.236
10月24日,22.974,120.23
10月24日,22.984,120.213
10月24日,22.975,120.226
10月24日,22.997,120.227
10月24日,22.997,120.233
10月24日,22.97,120.236
10月24日,22.967,120.235
10月24日,22.975,120.235
10月24日,22.97,120.236
10月24日,22.979,120.236
10月24日,22.991,120.22
10月24日,23.112,120.254
10月24日,23.085,120.202
10月24日,23.003,120.22
10月24日,23.004,120.226
10月24日,23.013,120.222
10月24日,23.028,120.302
10月24日,23.033,120.323
10月24日,23.039,120.299
10月24日,23.006,120.247
10月24日,23.044,120.235
10月24日,23.0,120.238
10月24日,23.145,120.144
10月24日,23.146,120.152
10月25日,22.997,120.197
10月25日,22.996,120.222
10月25日,22.998,120.222
10月25日,22.983,120.222
10月25日,23.01,120.242
10月25日,22.989,120.236
10月25日,22.989,120.236
10月25日,22.962,120.233
10月25日,22.963,120.227
10月25日,23.016,120.273
10月25日,22.985,120.216
10月25日,22.988,120.202
10月25日,22.989,120.192
10月25日,22.998,120.201
10月25日,23.004,120.189
10月25日,22.998,120.191
10月25日,22.94,120.225
10月25日,22.94,120.225
10月25日,22.939,120.26
10月25日,22.939,120.26
10月25日,22.972,120.187
10月25日,22.967,120.186
10月25日,22.955,120.208
10月25日,22.97,120.21
10月25日,22.957,120.173
10月25日,22.977,120.196
10月25日,22.962,120.277
10月25日,22.967,120.31
10月25日,22.91,120.295
10月25日,23.078,120.145
10月25日,23.057,120.216
10月25日,23.07,120.204
10月25日,23.031,120.179
10月25日,23.031,120.179
10月25日,23.001,120.165
10月25日,22.989,120.166
10月25日,22.994,120.169
10月25日,22.994,120.183
10月25日,22.995,120.174
10月26日,23.025,120.207
10月26日,23.043,120.219
10月26日,23.043,120.219
10月26日,23.071,120.22
10月27日,22.967,120.235
10月27日,22.983,120.222
10月27日,22.975,120.226
10月27日,22.979,120.236
10月27日,22.982,120.233
10月27日,22.986,120.242
10月27日,22.989,120.229
10月27日,22.998,120.215
10月27日,22.987,120.225
10月27日,23.002,120.183
10月27日,23.004,120.172
10月27日,23.001,120.21
10月27日,23.001,120.21
10月27日,23.01,120.183
10月27日,23.01,120.216
10月27日,23.015,120.215
10月27日,23.015,120.198
10月27日,23.015,120.198
10月27日,23.015,120.198
10月27日,23.013,120.204
10月27日,22.925,120.178
10月27日,22.929,120.18
10月27日,22.971,120.201
10月27日,22.925,120.178
10月27日,23.016,120.227
10月27日,23.016,120.227
10月27日,23.005,120.233
10月27日,23.005,120.233
10月27日,23.014,120.253
10月27日,23.029,120.252
10月27日,23.006,120.247
10月27日,23.026,120.213
10月27日,23.056,120.166
10月27日,23.056,120.166
10月27日,23.07,120.163
10月27日,22.999,120.164
10月28日,22.996,120.22
10月28日,22.992,120.227
10月28日,22.992,120.231
10月28日,22.992,120.231
10月28日,22.997,120.223
10月28日,22.992,120.231
10月28日,22.982,120.223
10月28日,22.971,120.215
10月28日,22.973,120.232
10月28日,22.992,120.227
10月28日,22.999,120.245
10月28日,22.983,120.242
10月28日,22.999,120.191
10月28日,23.004,120.189
10月28日,22.982,120.21
10月28日,22.993,120.202
10月28日,23.009,120.226
10月28日,23.009,120.226
10月28日,23.005,120.202
10月28日,23.003,120.196
10月28日,23.008,120.209
10月28日,23.009,120.221
10月28日,23.009,120.221
10月28日,23.003,120.206
10月28日,22.985,120.19
10月28日,22.985,120.19
10月28日,22.976,120.191
10月28日,22.972,120.195
10月28日,23.019,120.23
10月28日,23.019,120.23
10月28日,23.005,120.233
10月28日,23.006,120.247
10月28日,23.011,120.239
10月28日,23.041,120.237
10月28日,23.041,120.237
10月28日,23.044,120.168
10月28日,22.994,120.177
10月28日,23.126,120.46
10月28日,23.12,120.46
10月29日,22.982,120.233
10月29日,22.981,120.22
10月29日,22.977,120.219
10月29日,22.989,120.229
10月29日,22.987,120.221
10月29日,22.991,120.22
10月29日,22.997,120.197
10月29日,22.997,120.197
10月29日,22.989,120.246
10月29日,22.989,120.246
10月29日,22.968,120.23
10月29日,22.985,120.227
10月29日,22.982,120.238
10月29日,22.979,120.236
10月29日,22.984,120.245
10月29日,22.979,120.236
10月29日,23.008,120.192
10月29日,23.013,120.204
10月29日,23.013,120.204
10月29日,23.011,120.212
10月29日,23.011,120.212
10月29日,23.001,120.226
10月29日,23.004,120.226
10月29日,23.006,120.222
10月29日,23.007,120.181
10月29日,22.989,120.196
10月29日,22.992,120.197
10月29日,23.004,120.172
10月29日,23.002,120.183
10月29日,22.987,120.207
10月29日,22.985,120.19
10月29日,22.982,120.191
10月29日,22.929,120.18
10月29日,23.0,120.238
10月29日,23.003,120.238
10月29日,23.005,120.233
10月29日,23.029,120.252
10月29日,23.012,120.261
10月29日,23.012,120.261
10月29日,23.013,120.226
10月29日,23.006,120.247
10月29日,23.039,120.193
10月29日,23.044,120.21
10月29日,23.001,120.165
10月29日,22.999,120.173
10月29日,23.126,120.46
10月29日,23.12,120.46
10月29日,23.126,120.46
10月29日,23.12,120.46
11月1日,22.994,120.21
11月1日,23.004,120.172
11月1日,22.987,120.207
11月1日,23.002,120.183
11月1日,22.992,120.189
11月1日,23.025,120.191
11月1日,23.042,120.199
11月1日,23.001,120.165
11月1日,22.989,120.166
11月1日,22.994,120.183
11月1日,22.994,120.183
11月1日,23.007,120.215
11月1日,23.015,120.191
11月1日,23.013,120.204
11月1日,23.015,120.217
11月1日,23.015,120.198
11月1日,23.003,120.206
11月1日,23.126,120.462
11月1日,23.126,120.462
11月1日,23.328,120.403
11月1日,23.31,120.358
11月1日,22.966,120.3
11月1日,23.008,120.289
11月1日,22.962,120.292
11月1日,22.957,120.293
11月1日,22.959,120.33
11月1日,23.163,120.162
11月1日,23.163,120.162
11月1日,23.15,120.173
11月2日,22.982,120.223
11月2日,22.996,120.22
11月2日,22.963,120.228
11月2日,22.98,120.247
11月2日,23.01,120.242
11月2日,22.973,120.274
11月2日,23.0,120.227
11月2日,23.0,120.227
11月2日,22.984,120.206
11月2日,22.996,120.192
11月2日,23.001,120.226
11月2日,23.005,120.202
11月2日,22.956,120.337
11月2日,22.972,120.195
11月2日,22.976,120.191
11月2日,22.929,120.18
11月2日,22.93,120.192
11月2日,23.011,120.231
11月2日,23.011,120.231
11月2日,23.011,120.231
11月2日,23.0,120.246
11月2日,23.029,120.229
11月2日,23.041,120.237
11月2日,23.019,120.253
11月2日,23.021,120.263
11月2日,23.024,120.193
11月2日,23.042,120.199
11月2日,22.979,120.168
11月2日,22.994,120.169
11月2日,22.986,120.181
11月3日,23.028,120.252
11月3日,22.999,120.194
11月3日,22.984,120.225
11月3日,22.968,120.23
11月3日,23.01,120.242
11月3日,23.055,120.265
11月3日,23.006,120.212
11月3日,23.006,120.212
11月3日,23.011,120.212
11月3日,23.013,120.204
11月3日,22.968,120.189
11月3日,22.972,120.179
11月3日,22.942,120.191
11月3日,22.974,120.211
11月3日,22.974,120.211
11月3日,23.018,120.247
11月3日,23.022,120.215
11月3日,23.042,120.277
11月3日,22.997,120.244
11月3日,23.041,120.195
11月3日,23.051,120.185
11月3日,23.12,120.199
11月3日,23.057,120.219
11月3日,23.057,120.219
11月3日,23.002,120.155
11月3日,22.994,120.177
11月3日,23.001,120.165
11月3日,23.001,120.165
11月3日,22.995,120.174
11月4日,23.028,120.252
11月4日,22.981,120.222
11月4日,22.971,120.228
11月4日,22.971,120.229
11月4日,22.971,120.229
11月4日,23.0,120.227
11月4日,23.001,120.216
11月4日,22.98,120.224
11月4日,22.989,120.236
11月4日,22.984,120.225
11月4日,22.98,120.235
11月4日,22.967,120.234
11月4日,22.994,120.21
11月4日,23.006,120.222
11月4日,23.013,120.204
11月4日,22.969,120.193
11月4日,22.941,120.182
11月4日,22.99,120.191
11月4日,22.964,120.195
11月4日,22.998,120.228
11月4日,22.964,120.195
11月4日,23.011,120.239
11月4日,23.018,120.247
11月4日,23.044,120.21
11月4日,23.021,120.19
11月4日,23.001,120.165
11月4日,23.12,120.46
11月4日,23.126,120.46
11月5日,22.997,120.223
11月5日,22.963,120.228
11月5日,22.983,120.242
11月5日,22.999,120.245
11月5日,22.967,120.234
11月5日,22.994,120.21
11月5日,23.013,120.204
11月5日,23.005,120.202
11月5日,23.015,120.215
11月5日,22.979,120.21
11月5日,22.972,120.195
11月5日,22.956,120.188
11月5日,23.153,120.349
11月5日,22.972,120.195
11月5日,23.012,120.235
11月5日,23.012,120.235
11月5日,23.039,120.193
11月5日,23.039,120.193
11月5日,23.033,120.144
11月5日,23.033,120.211
11月5日,23.024,120.193
11月5日,23.002,120.155
11月5日,23.002,120.155
11月5日,22.994,120.183
11月5日,22.966,120.3
11月5日,22.966,120.3
11月5日,22.967,120.31
11月6日,22.983,120.242
11月6日,22.971,120.228
11月6日,22.99,120.204
11月6日,22.985,120.216
11月6日,23.016,120.273
11月6日,22.984,120.199
11月6日,23.003,120.196
11月6日,23.003,120.196
11月6日,23.0,120.203
11月6日,23.0,120.207
11月6日,22.941,120.182
11月6日,22.941,120.182
11月6日,23.013,120.27
11月6日,23.013,120.27
11月6日,23.003,120.265
11月6日,23.027,120.256
11月6日,23.065,120.129
11月6日,23.057,120.219
11月6日,23.071,120.162
11月6日,23.022,120.185
11月6日,23.044,120.22
11月6日,22.994,120.177
11月6日,22.994,120.183
11月6日,23.001,120.161
11月6日,23.001,120.161
11月6日,23.12,120.46
11月6日,23.12,120.46
11月6日,22.966,120.3
11月7日,22.984,120.225
11月7日,22.981,120.227
11月7日,22.971,120.228
11月7日,22.996,120.233
11月7日,22.963,120.228
11月7日,22.999,120.245
11月7日,22.989,120.236
11月7日,22.996,120.22
11月7日,22.997,120.197
11月7日,22.985,120.227
11月7日,23.013,120.222
11月7日,22.976,120.191
11月7日,22.98,120.193
11月7日,22.99,120.191
11月7日,22.97,120.21
11月7日,22.92,120.178
11月7日,22.976,120.191
11月7日,22.969,120.193
11月7日,22.975,120.194
11月7日,23.059,120.136
11月7日,23.054,120.196
11月7日,23.037,120.191
11月7日,23.025,120.191
11月7日,23.026,120.213
11月7日,23.145,120.144
11月7日,23.145,120.144
11月7日,22.959,120.33
11月7日,22.959,120.33
11月7日,22.962,120.292
11月7日,22.962,120.292
11月7日,22.967,120.31
11月6日,22.967,120.31
11月8日,22.99,120.226
11月8日,22.996,120.22
11月8日,22.997,120.197
11月8日,22.971,120.229
11月8日,22.992,120.227
11月8日,23.007,120.181
11月8日,23.016,120.22
11月8日,23.007,120.218
11月8日,23.008,120.209
11月8日,23.013,120.204
11月8日,23.003,120.216
11月8日,23.01,120.183
11月8日,22.991,120.2
11月8日,22.993,120.2
11月8日,22.995,120.174
11月8日,23.011,120.23
11月8日,23.041,120.237
11月8日,23.034,120.258
11月8日,23.021,120.247
11月8日,23.021,120.247
11月8日,23.026,120.225
11月8日,22.97,120.266
11月8日,22.921,120.221
11月8日,23.104,120.444
11月8日,23.145,120.465
11月8日,23.126,120.46
11月8日,23.039,120.299
11月9日,22.992,120.227
11月9日,23.01,120.242
11月9日,22.998,120.222
11月9日,22.973,120.23
11月9日,23.0,120.227
11月9日,22.994,120.21
11月9日,23.001,120.2
11月9日,23.028,120.252
11月9日,23.016,120.22
11月9日,23.014,120.217
11月9日,22.983,120.222
11月9日,22.972,120.195
11月9日,22.99,120.191
11月9日,22.922,120.189
11月9日,22.922,120.189
11月9日,22.938,120.178
11月9日,23.019,120.23
11月9日,23.0,120.238
11月9日,23.013,120.27
11月9日,22.998,120.249
11月9日,22.999,120.254
11月9日,23.065,120.129
11月9日,23.001,120.161
11月9日,22.995,120.174
11月9日,23.039,120.299
11月9日,22.957,120.323
11月9日,23.044,120.22
11月9日,22.966,120.3
11月9日,22.966,120.3
11月9日,22.967,120.31
11月10日,22.99,120.193
11月10日,22.996,120.22
11月10日,22.983,120.242
11月10日,23.016,120.273
11月10日,22.98,120.224
11月10日,22.996,120.233
11月10日,23.004,120.172
11月10日,23.004,120.193
11月10日,23.009,120.221
11月10日,23.015,120.217
11月10日,23.006,120.212
11月10日,23.015,120.198
11月10日,22.974,120.19
11月10日,22.98,120.193
11月10日,22.98,120.193
11月10日,22.972,120.187
11月10日,23.01,120.244
11月10日,23.029,120.266
11月10日,23.044,120.21
11月10日,23.07,120.195
11月10日,23.044,120.22
11月10日,22.999,120.173
11月10日,22.954,120.34
11月11日,22.999,120.194
11月11日,22.989,120.234
11月11日,22.983,120.242
11月11日,22.973,120.232
11月11日,22.992,120.227
11月11日,22.987,120.225
11月11日,23.006,120.225
11月11日,22.998,120.228
11月11日,22.982,120.191
11月11日,22.98,120.195
11月11日,22.982,120.191
11月11日,22.978,120.212
11月11日,23.278,120.229
11月11日,23.011,120.23
11月11日,23.026,120.225
11月11日,23.023,120.258
11月11日,22.998,120.249
11月11日,23.041,120.237
11月11日,22.999,120.164
11月11日,22.986,120.181
11月12日,22.984,120.225
11月12日,22.992,120.227
11月12日,23.278,120.229
11月12日,23.01,120.183
11月12日,23.0,120.205
11月12日,23.006,120.222
11月12日,23.137,120.312
11月12日,22.967,120.322
11月12日,23.126,120.46
11月12日,23.12,120.46
11月12日,22.962,120.292
11月12日,23.033,120.267
11月12日,23.023,120.258
11月12日,23.015,120.277
11月12日,23.011,120.239
11月12日,22.998,120.227
11月12日,23.041,120.195
11月12日,23.054,120.196
11月13日,22.967,120.234
11月13日,22.999,120.245
11月13日,22.985,120.216
11月13日,22.985,120.216
11月13日,22.94,120.225
11月13日,22.992,120.194
11月13日,23.011,120.224
11月13日,23.013,120.204
11月13日,23.005,120.202
11月13日,22.998,120.228
11月13日,22.941,120.182
11月13日,23.011,120.23
11月13日,23.042,120.277
11月13日,23.022,120.215
11月13日,23.013,120.27
11月13日,23.024,120.193
11月13日,23.12,120.199
11月13日,23.042,120.199
11月13日,23.041,120.195
11月13日,23.044,120.22
11月13日,22.986,120.181
11月13日,22.957,120.293
11月13日,22.966,120.3
11月13日,22.967,120.31
11月13日,22.954,120.34
11月13日,23.019,120.335
